{"cameraMode":{"drawMode":0,"name":"Shaded","section":"Shading Mode"},"sceneLighting":false,"audioPlay":false,"sceneViewState":{"showFog":true,"showMaterialUpdate":false,"showSkybox":true,"showFlares":true,"showImageEffects":true,"showParticleSystems":true},"in2DMode":false,"pivot":{"x":0.7146511077880859,"y":0.44985973834991457,"z":-0.949469804763794},"rotation":{"x":-0.005239521618932486,"y":0.9743265509605408,"z":-0.2239205539226532,"w":-0.022800371050834657},"size":2.8578836917877199,"orthographic":false}