{"cameraMode":{"drawMode":0,"name":"Shaded","section":"Shading Mode"},"sceneLighting":false,"audioPlay":false,"sceneViewState":{"showFog":true,"showMaterialUpdate":false,"showSkybox":true,"showFlares":true,"showImageEffects":true,"showParticleSystems":true},"in2DMode":false,"pivot":{"x":-4.981161594390869,"y":-0.14999857544898988,"z":3.0233185291290285},"rotation":{"x":0.22311422228813172,"y":-0.3258315622806549,"z":-0.07942622900009155,"w":-0.915284276008606},"size":2.0117247104644777,"orthographic":false}